emotion,local_pc,attr,n,rho_raw,rho_partial_intensity_and_judgeEI,abs_drop_ratio_vs_raw,sign_stable
anger,PC1,valence,107,0.24058280820847508,0.2690485427851558,-0.11831990319114549,True
anger,PC1,arousal,107,-0.1884485269752719,-0.22701670745160377,-0.20466161819026987,True
anger,PC1,dominance,107,0.13267799926583587,0.08155519150766989,0.3853148829576143,True
anger,PC1,emotional_intensity,107,-0.08768035089388672,,,False
anger,PC1,threat,107,-0.14331167061521818,-0.10312244278640474,0.280432344806856,True
anger,PC1,social_warmth,107,0.3125453179157815,0.32474268957848484,-0.03902592988447856,True
anger,PC1,certainty,107,-0.10437264060110628,-0.14288850104383283,-0.369022573549014,True
anger,PC1,agency,107,0.11212212714871447,0.039836455912826696,0.6447047792806396,True
anger,PC1,blame,107,-0.07288968221795548,-0.047439236790464315,0.3491638960832479,True
anger,PC1,injustice,107,-0.050351177906829074,-0.001394448275431632,0.9723055480844569,True
anger,PC1,relief,107,0.10009780802159704,-0.012726162935409327,0.872862721103108,False
anger,PC1,gratitude,107,0.32718512164106756,0.2736700860515754,0.1635619471969751,True
anger,PC1,loneliness,107,0.027988692878619527,0.02665798627334388,0.04754443557070038,True
anger,PC1,disappointment,107,-0.12044455891666857,-0.03369098060598185,0.7202781021491268,True
anger,PC1,uncertainty,107,0.1690586474268734,0.1978725598575959,-0.17043737702436065,True
anger,PC1,hope,107,0.11758305701324268,0.048399873131475056,0.5883771492178157,True
anger,PC1,surprise_valence,107,0.11124110576304999,0.05520012472085388,0.5037794316928731,True
anger,PC2,valence,107,-0.4448896143587662,-0.271785224312905,0.38909514733303485,True
anger,PC2,arousal,107,0.44022519524357895,0.2875876314478012,0.3467260971088276,True
anger,PC2,dominance,107,-0.3493537262399679,-0.1905050855235015,0.4546928479227232,True
anger,PC2,emotional_intensity,107,0.3654746842701137,,,False
anger,PC2,threat,107,0.21002207364220504,0.0189669589661376,0.9096906404302539,True
anger,PC2,social_warmth,107,-0.391388462617107,-0.2419334562482314,0.3818584875228848,True
anger,PC2,certainty,107,-0.0703596420521095,0.019042124124532784,0.7293601336057128,False
anger,PC2,agency,107,-0.08522342203656359,0.049845159259900795,0.4151237057986757,False
anger,PC2,blame,107,0.39860265904604303,0.2483286622564314,0.3770019927846324,True
anger,PC2,injustice,107,0.4365710208316064,0.2937245426449614,0.32720100824498743,True
anger,PC2,relief,107,-0.376767289608066,-0.3343768958615638,0.11251081215303743,True
anger,PC2,gratitude,107,-0.31859160645112916,-0.24243038339227746,0.23905596229364118,True
anger,PC2,loneliness,107,-0.19360146414174506,-0.2422595143143199,-0.2513310030390572,True
anger,PC2,disappointment,107,0.2150739034479295,-0.020060664346023684,0.9067266459369373,False
anger,PC2,uncertainty,107,0.016083982691260285,-0.05210835525946296,-2.2397669320906197,False
anger,PC2,hope,107,-0.3724792003524737,-0.3313368182503173,0.11045551553811263,True
anger,PC2,surprise_valence,107,-0.4186833349480442,-0.2511747576768294,0.40008417648627337,True
anger,PC3,valence,107,0.09107774142509342,-0.0036225845476637627,0.9602253581283289,False
anger,PC3,arousal,107,-0.16573632602805907,-0.11852447830876031,0.28486119398656046,True
anger,PC3,dominance,107,0.2729269128582077,0.24758641463936346,0.09284719470669885,True
anger,PC3,emotional_intensity,107,-0.12025947158784885,,,False
anger,PC3,threat,107,-0.023008106961019268,0.04804728212415724,-1.088276197844515,False
anger,PC3,social_warmth,107,-0.0015958754846772968,-0.08381114799635322,-51.51734787648595,True
anger,PC3,certainty,107,0.14291971888125013,0.11861869941024825,0.17003265652371763,True
anger,PC3,agency,107,0.3529848486922965,0.33742949867430017,0.0440680388283641,True
anger,PC3,blame,107,-0.1116990861185921,-0.05054091312440409,0.5475261716040876,True
anger,PC3,injustice,107,-0.1454759598517766,-0.09228215578635396,0.36565356997555515,True
anger,PC3,relief,107,0.013219197838310492,-0.015201921641397895,-0.14998820861438963,False
anger,PC3,gratitude,107,0.14410490432681516,0.11868146826944416,0.17642311464787663,True
anger,PC3,loneliness,107,0.021498717179404922,0.032064960893909374,-0.4914825208560152,True
anger,PC3,disappointment,107,-0.15838157072330183,-0.10735398693805344,0.32218132167911995,True
anger,PC3,uncertainty,107,-0.15889719660922982,-0.14122472077182602,0.11121955713834959,True
anger,PC3,hope,107,0.0006954728336922311,-0.023486554252589442,-32.77062785889203,False
anger,PC3,surprise_valence,107,0.12163498738930953,0.05646457022812698,0.5357867712239378,True
anticipation,PC1,valence,108,-0.7264189519728449,-0.6576896254749474,0.09461389506873272,True
anticipation,PC1,arousal,108,-0.39867031567062244,-0.08850580899565598,0.7779974943788426,True
anticipation,PC1,dominance,108,-0.7344548886261887,-0.6760093768869992,0.07957672097262888,True
anticipation,PC1,emotional_intensity,108,-0.4175480982242334,,,False
anticipation,PC1,threat,108,0.5572957422832167,0.5498853630803581,0.013297031792309379,True
anticipation,PC1,social_warmth,108,-0.6187280324379923,-0.5712727151732696,0.07669818527169871,True
anticipation,PC1,certainty,108,-0.708717064891194,-0.6379025136496884,0.09991935392775878,True
anticipation,PC1,agency,108,-0.718985810592425,-0.659040785053572,0.08337442082404917,True
anticipation,PC1,blame,108,0.292220031964489,0.31555039713185296,-0.079838349925987,True
anticipation,PC1,injustice,108,0.27403425266320364,0.267133700317885,0.025181349697184018,True
anticipation,PC1,relief,108,-0.07404665152215283,0.044320725082364634,0.4014486250049399,False
anticipation,PC1,gratitude,108,-0.31170050693687656,-0.2364765998425126,0.24133392606126813,True
anticipation,PC1,loneliness,108,0.4301617202311519,0.39652194613584896,0.07820262127747271,True
anticipation,PC1,disappointment,108,0.44273958315770745,0.43007137665463574,0.02861322317900632,True
anticipation,PC1,uncertainty,108,0.7298784111007994,0.6854503754132828,0.06087046145194302,True
anticipation,PC1,hope,108,-0.7416411140622314,-0.6659510856709884,0.10205748704607533,True
anticipation,PC1,surprise_valence,108,-0.5131487463185737,-0.42308678627751267,0.17550848693908452,True
anticipation,PC2,valence,108,-0.12817028675089776,-0.0832989661821487,0.3500914424569996,True
anticipation,PC2,arousal,108,-0.3514806293898468,-0.330982888474547,0.05831826621820639,True
anticipation,PC2,dominance,108,-0.056399151031502864,-0.014441089328998194,0.7439484626119313,True
anticipation,PC2,emotional_intensity,108,-0.27805351670408046,,,False
anticipation,PC2,threat,108,0.008731160315088535,0.02286387468014285,-1.6186524877605581,True
anticipation,PC2,social_warmth,108,-0.01894221913884285,0.04051916323760378,-1.1390927293473931,False
anticipation,PC2,certainty,108,-0.14122701555838352,-0.1296452684467658,0.08200801430112925,True
anticipation,PC2,agency,108,-0.01221368754247565,0.010884342883054558,0.10884056553747738,False
anticipation,PC2,blame,108,-0.0017985994975853693,-0.006498737903780463,-2.61322123824957,True
anticipation,PC2,injustice,108,-0.049267886369257954,-0.010774241344248585,0.7813130999065657,True
anticipation,PC2,relief,108,0.23896873900331136,0.2599195038455547,-0.08767157130938788,True
anticipation,PC2,gratitude,108,-0.0013480590683330512,0.031118839437906012,-22.084180930132508,False
anticipation,PC2,loneliness,108,0.12531740238976813,0.1453927101774973,-0.16019569034227185,True
anticipation,PC2,disappointment,108,0.19785206704310912,0.2019948604216257,-0.020938843047891585,True
anticipation,PC2,uncertainty,108,0.11330426081597564,0.11297760311202759,0.002883013415343589,True
anticipation,PC2,hope,108,-0.08460253174712197,0.007700150538687178,0.9089843958605988,False
anticipation,PC2,surprise_valence,108,0.0038598962801799697,0.05638382490235991,-13.607601036298048,True
anticipation,PC3,valence,108,-0.11620560303138143,-0.1915205441804017,-0.6481179838521333,True
anticipation,PC3,arousal,108,0.12290194528784303,0.05815419857503792,0.5268244254487785,True
anticipation,PC3,dominance,108,-0.05852842754533412,-0.12301816558281943,-1.101853248791517,True
anticipation,PC3,emotional_intensity,108,0.07934378904628163,,,False
anticipation,PC3,threat,108,0.1406771889646489,0.1769282287250566,-0.25768953749507534,True
anticipation,PC3,social_warmth,108,-0.09488843934505868,-0.1382515908472903,-0.45699088109714764,True
anticipation,PC3,certainty,108,-0.11355944004290178,-0.1921378782749872,-0.6919586623745166,True
anticipation,PC3,agency,108,-0.07013486298031525,-0.1402658490051392,-0.9999447214220352,True
anticipation,PC3,blame,108,0.17606193625635425,0.18309099730392228,-0.03992379725583275,True
anticipation,PC3,injustice,108,0.12874459438407979,0.15479165990568447,-0.20231579932512953,True
anticipation,PC3,relief,108,0.10200594448911543,0.06806896374657959,0.3326961081778631,True
anticipation,PC3,gratitude,108,0.2319615412911386,0.20997479998019467,0.09478614941322551,True
anticipation,PC3,loneliness,108,0.040885271023700084,0.07417773206075406,-0.8142898457920272,True
anticipation,PC3,disappointment,108,0.0905514550301242,0.11388727774518925,-0.2577078712573068,True
anticipation,PC3,uncertainty,108,0.11533369206814056,0.1814499097064479,-0.5732602195657194,True
anticipation,PC3,hope,108,-0.16641156087500167,-0.2623426374205229,-0.5764688224851088,True
anticipation,PC3,surprise_valence,108,-0.1675175216603074,-0.22817314824948826,-0.3620852671888171,True
disgust,PC1,valence,108,0.4486621547024244,0.2099554002366736,0.5320412073179501,True
disgust,PC1,arousal,108,-0.44575939189743696,-0.24135914936403635,0.4585438831997291,True
disgust,PC1,dominance,108,0.39643135107197003,0.11683898512043739,0.7052730950655164,True
disgust,PC1,emotional_intensity,108,-0.47688005219150226,,,False
disgust,PC1,threat,108,-0.1984355607499123,0.019268729425561622,0.9028967925267893,False
disgust,PC1,social_warmth,108,0.293569970861095,0.04042316769344662,0.862304827789852,True
disgust,PC1,certainty,108,-0.13325319311791659,-0.2703045639925142,-1.0285034652289344,True
disgust,PC1,agency,108,0.0746598392037983,-0.23288230287804143,-2.1192446348879037,False
disgust,PC1,blame,108,-0.23963377231782867,0.06717614300682082,0.7196716374446402,False
disgust,PC1,injustice,108,-0.2567989089776807,0.1150080057901241,0.552147607449065,False
disgust,PC1,relief,108,0.10150068034945994,0.04323984496864336,0.573994530679287,True
disgust,PC1,gratitude,108,0.18780122792982448,0.04838069200274798,0.7423835161459842,True
disgust,PC1,loneliness,108,0.08383931728840878,0.14556388552840416,-0.7362246048314269,True
disgust,PC1,disappointment,108,-0.32719365405716827,0.009852754395846135,0.9698870859086874,False
disgust,PC1,uncertainty,108,0.07880264667288861,0.23162793391000205,-1.939342061333223,True
disgust,PC1,hope,108,0.23916292109345721,0.08698682010242938,0.6362863452882912,True
disgust,PC1,surprise_valence,108,0.47090908277136584,0.21378630882103677,0.5460136220714317,True
disgust,PC2,valence,108,-0.30095385293136906,-0.19915746765267003,0.33824582834602607,True
disgust,PC2,arousal,108,0.22327457633523215,0.07993772036347241,0.641975715840342,True
disgust,PC2,dominance,108,-0.30869904701059314,-0.21637800583720623,0.2990648726240443,True
disgust,PC2,emotional_intensity,108,0.23778335342909174,,,False
disgust,PC2,threat,108,0.21473482174939404,0.12425412038456934,0.42136017171178725,True
disgust,PC2,social_warmth,108,-0.37888675386717086,-0.3097371675668574,0.18250726792247735,True
disgust,PC2,certainty,108,-0.30985874734246166,-0.2817851859034969,0.09060115836567736,True
disgust,PC2,agency,108,-0.36687751665960294,-0.2982215133194509,0.18713603375115678,True
disgust,PC2,blame,108,0.3972105223811516,0.3361385614496228,0.1537521225908662,True
disgust,PC2,injustice,108,0.41285760747346417,0.3549257372844125,0.14031925085157876,True
disgust,PC2,relief,108,-0.2154577188791495,-0.2015061221330614,0.06475329275120359,True
disgust,PC2,gratitude,108,-0.2449776904414283,-0.19089404625076692,0.2207696712839745,True
disgust,PC2,loneliness,108,0.05970575187680882,0.03900386434530598,0.3467318789355028,True
disgust,PC2,disappointment,108,0.3774454695178308,0.29867423606394766,0.20869566550768187,True
disgust,PC2,uncertainty,108,0.21671838148495523,0.17171665294592003,0.20765072270604445,True
disgust,PC2,hope,108,-0.23300451961394752,-0.17125575798594725,0.26501100377927617,True
disgust,PC2,surprise_valence,108,-0.33328569286818044,-0.23524557784824793,0.2941623871586617,True
disgust,PC3,valence,108,-0.034368634298250454,-0.04919905317026273,-0.4315102760067257,True
disgust,PC3,arousal,108,0.0019477535629261603,-0.058155872749633575,-28.85792138008697,False
disgust,PC3,dominance,108,-0.07450386835865865,-0.10216215655196055,-0.37123291451332446,True
disgust,PC3,emotional_intensity,108,-0.009760433584147372,,,False
disgust,PC3,threat,108,-0.009300597805701274,-0.024582383871795392,-1.6430971842182416,True
disgust,PC3,social_warmth,108,-0.022601455169276915,-0.02717384764759479,-0.2023052252198928,True
disgust,PC3,certainty,108,-0.08816538777706302,-0.06894951069349267,0.2179526180065135,True
disgust,PC3,agency,108,-0.08948982981428154,-0.10461353358811189,-0.16899913437333167,True
disgust,PC3,blame,108,-0.16025934575859044,-0.21558489724250676,-0.3452251175869454,True
disgust,PC3,injustice,108,-0.08956326630819696,-0.1165120825859399,-0.3008913965353734,True
disgust,PC3,relief,108,-0.19072787395442484,-0.22969544187719965,-0.2043097692793779,True
disgust,PC3,gratitude,108,-0.06822359356629938,-0.09946660245570232,-0.4579502083695009,True
disgust,PC3,loneliness,108,0.1540617110196428,0.14465742132559015,0.06104235524720101,True
disgust,PC3,disappointment,108,0.06243509644205893,0.10727110504203034,-0.7181218762363917,True
disgust,PC3,uncertainty,108,0.022349376090018948,0.006215059695844291,0.7219135034995502,True
disgust,PC3,hope,108,0.11806935304059898,0.09011332545813495,0.23677632562999776,True
disgust,PC3,surprise_valence,108,-0.11778111012981902,-0.18943041247419162,-0.6083259214096414,True
fear,PC1,valence,105,-0.0968720474159218,-0.010308326949225623,0.8935882205011457,True
fear,PC1,arousal,105,0.10604897400729556,-0.0805898659066785,0.24006934851501355,False
fear,PC1,dominance,105,-0.11861353719368631,-0.026606214609121083,0.7756898981464883,True
fear,PC1,emotional_intensity,105,0.17628638455269022,,,False
fear,PC1,threat,105,0.18627244893612388,0.1541870901126933,0.1722496214909013,True
fear,PC1,social_warmth,105,0.0075536832983395235,0.0487939667212459,-5.459625694390967,True
fear,PC1,certainty,105,-0.1905893951549473,-0.15978489866393916,0.16162754735626494,True
fear,PC1,agency,105,-0.15895801198191942,-0.1248224204343282,0.2147459641825034,True
fear,PC1,blame,105,0.07827730230060041,0.035807972401337186,0.5425497385713748,True
fear,PC1,injustice,105,0.061133763374120485,0.01892552437855955,0.6904243525342787,True
fear,PC1,relief,105,-0.00869277288482148,0.0003384146012830517,0.9610694302304895,False
fear,PC1,gratitude,105,-0.13393890195187202,-0.07327156823827373,0.4529478204577021,True
fear,PC1,loneliness,105,0.14149593463931961,0.11052898038850967,0.218854020998881,True
fear,PC1,disappointment,105,0.21145576428531315,0.1695345488221794,0.19825052111878247,True
fear,PC1,uncertainty,105,0.36174223862255245,0.32185869586583654,0.11025403864526592,True
fear,PC1,hope,105,0.013079868474669226,-0.000412514162271155,0.9684619028799838,False
fear,PC1,surprise_valence,105,-0.029894065480875604,0.08167938541835607,-1.7322943234539159,False
fear,PC2,valence,105,0.6027212036206243,0.4261157556687473,0.29301349760218354,True
fear,PC2,arousal,105,-0.5743493498806335,-0.3844191950220299,0.3306875073473602,True
fear,PC2,dominance,105,0.6244417463830788,0.4691417938919041,0.2487020661105868,True
fear,PC2,emotional_intensity,105,-0.5021274206646754,,,False
fear,PC2,threat,105,-0.4980949519190889,-0.3092503018889143,0.3791338364353686,True
fear,PC2,social_warmth,105,0.47865975266479327,0.34992952849539793,0.2689388933427738,True
fear,PC2,certainty,105,0.566739775304776,0.39534253720739904,0.30242669663551425,True
fear,PC2,agency,105,0.6055929928918711,0.4485249141794079,0.2593624440111509,True
fear,PC2,blame,105,-0.18409824382740447,-0.10063704295422912,0.4533514233379748,True
fear,PC2,injustice,105,-0.22754540552881697,-0.17872039851750543,0.21457259001930587,True
fear,PC2,relief,105,0.24248154058807647,0.12270406437302389,0.4939653382462153,True
fear,PC2,gratitude,105,0.25564423647671997,0.28271233434208626,-0.10588190149880898,True
fear,PC2,loneliness,105,-0.22493697468793666,-0.019306711742134552,0.9141683497392127,True
fear,PC2,disappointment,105,-0.291068251939862,-0.17522361695680938,0.39799818156391525,True
fear,PC2,uncertainty,105,-0.44638866389527593,-0.30584766105120365,0.3148399908225349,True
fear,PC2,hope,105,0.5335806079489207,0.4155425728201178,0.22121875002643013,True
fear,PC2,surprise_valence,105,0.5343658601340566,0.34386529066597044,0.3564983912338547,True
fear,PC3,valence,105,0.20699738570224507,0.04303988152890186,0.7920752410331767,True
fear,PC3,arousal,105,-0.3050120249799822,-0.16272289723588593,0.4665033378714647,True
fear,PC3,dominance,105,0.2609252957932107,0.11954296795680791,0.5418498325607017,True
fear,PC3,emotional_intensity,105,-0.27886834235362284,,,False
fear,PC3,threat,105,-0.19309888710232825,-0.053139666564960254,0.7248059408193268,True
fear,PC3,social_warmth,105,0.13708575105005924,0.031040447979598394,0.7735691146466167,True
fear,PC3,certainty,105,0.22702164989957507,0.08885595895063433,0.6086013867402492,True
fear,PC3,agency,105,0.1607494127825856,0.00579968345450253,0.9639209664650743,True
fear,PC3,blame,105,-0.15018217564064512,-0.09938955754214933,0.3382067005077355,True
fear,PC3,injustice,105,-0.18811306310436685,-0.1514234010967104,0.19504047939137903,True
fear,PC3,relief,105,0.012163774704170573,-0.06761646138642854,-4.558838685432492,False
fear,PC3,gratitude,105,0.03179068742222586,0.015902751467974565,0.4997669834324987,True
fear,PC3,loneliness,105,-0.043920278203736944,0.0799576425332272,-0.8205176698180391,False
fear,PC3,disappointment,105,-0.0630653557697161,0.023188477192938338,0.632310372154066,False
fear,PC3,uncertainty,105,-0.12926202407487059,-0.009122548511504514,0.9294259193541593,True
fear,PC3,hope,105,0.21615260276559375,0.1233024636762945,0.429558274576922,True
fear,PC3,surprise_valence,105,0.2094742221011049,0.0592489997418309,0.7171537426059338,True
joy,PC1,valence,108,-0.6440360644725285,-0.6748552861524774,-0.04785325446827285,True
joy,PC1,arousal,108,-0.33762349420806864,-0.11082650979995012,0.6717452674319797,True
joy,PC1,dominance,108,-0.5575751202189438,-0.49347739899192666,0.11495800099876737,True
joy,PC1,emotional_intensity,108,-0.4014046503878885,,,False
joy,PC1,threat,108,0.41176996755359035,0.4473024126624933,-0.08629197831014364,True
joy,PC1,social_warmth,108,-0.5558942693298806,-0.4989509677372672,0.10243548950640814,True
joy,PC1,certainty,108,-0.6255064460914331,-0.566339890281659,0.09458984184653071,True
joy,PC1,agency,108,-0.4812020977976937,-0.4125763640542567,0.14261312254770872,True
joy,PC1,blame,108,0.3825105708926661,0.3678467006887903,0.038335856103675015,True
joy,PC1,injustice,108,0.3901132751292236,0.37686072322336084,0.03397103546777001,True
joy,PC1,relief,108,-0.11230683963497351,-0.011803981486866282,0.8948952572681032,True
joy,PC1,gratitude,108,-0.4619427269046647,-0.36685377506249955,0.2058457603160608,True
joy,PC1,loneliness,108,0.34259055541445466,0.4468221229254063,-0.3042453035077273,True
joy,PC1,disappointment,108,0.487972523038466,0.48748216251850013,0.0010048937118683154,True
joy,PC1,uncertainty,108,0.5390090932268959,0.5276564925788066,0.02106198353746588,True
joy,PC1,hope,108,-0.5439021752668435,-0.43269836178329474,0.20445554097846935,True
joy,PC1,surprise_valence,108,-0.45900450698748846,-0.4017890689492605,0.12465114648599204,True
joy,PC2,valence,108,0.3994144564053187,-0.09465664267434491,0.7630114755328509,False
joy,PC2,arousal,108,0.6112614618179764,0.24430974991703192,0.6003187421788038,True
joy,PC2,dominance,108,0.34704272996779445,-0.10400770963973224,0.7003028714954376,False
joy,PC2,emotional_intensity,108,0.5437014858195823,,,False
joy,PC2,threat,108,-0.025636249261189008,0.05007644581048458,-0.9533452534453176,False
joy,PC2,social_warmth,108,0.1337406261510405,-0.1512391143055321,-0.13083898780860825,False
joy,PC2,certainty,108,0.2673589868282857,-0.08853428497758131,0.6688561472053922,False
joy,PC2,agency,108,0.3876027594099025,-0.03414973004272138,0.9118950285732953,False
joy,PC2,blame,108,-0.1069388467164069,-0.1367282805086401,-0.27856513051082704,True
joy,PC2,injustice,108,-0.09175744175737051,-0.1314008740361237,-0.43204596291579567,True
joy,PC2,relief,108,0.047708779127146925,-0.07375189485661952,-0.5458768009985341,False
joy,PC2,gratitude,108,-0.1136657264036544,-0.20915032018840896,-0.8400473634916628,True
joy,PC2,loneliness,108,-0.10802538033372965,0.11969313114728436,-0.1080093472247799,False
joy,PC2,disappointment,108,-0.20675313737757434,0.014801966385641237,0.9284075367687903,False
joy,PC2,uncertainty,108,-0.060541230087077555,0.14840909912042038,-1.4513723772536644,False
joy,PC2,hope,108,0.3629223021729929,0.022460146421033587,0.9381130718984373,True
joy,PC2,surprise_valence,108,0.5121058476911693,0.12587865960042233,0.7541940593571688,True
joy,PC3,valence,108,-0.3222087722389558,-0.2456340536427228,0.23765559846224107,True
joy,PC3,arousal,108,-0.29319527870931533,-0.19986860393306072,0.3183089277122437,True
joy,PC3,dominance,108,-0.29753804643458737,-0.20682462227351966,0.304880082557814,True
joy,PC3,emotional_intensity,108,-0.2160393319105975,,,False
joy,PC3,threat,108,0.17889291573983965,0.16021228581136696,0.10442353097782561,True
joy,PC3,social_warmth,108,-0.10195981643393498,-0.010278094602032004,0.899194653722315,True
joy,PC3,certainty,108,-0.26186995010354047,-0.17252630613965822,0.34117562526191636,True
joy,PC3,agency,108,-0.33034238458958703,-0.24810061398540537,0.2489591842910432,True
joy,PC3,blame,108,-0.06189301318018518,-0.08081456661904869,-0.3057138837913481,True
joy,PC3,injustice,108,-0.06579098044965094,-0.08138191984118683,-0.23697685130969354,True
joy,PC3,relief,108,0.004158420270097497,0.0496530225964802,-10.940357003722486,True
joy,PC3,gratitude,108,0.042842967400755785,0.08015499992413326,-0.8709021523733032,True
joy,PC3,loneliness,108,0.15496234123699174,0.10830857154913359,0.3010652092336949,True
joy,PC3,disappointment,108,0.2557582358027122,0.19356743372061405,0.24316246116927048,True
joy,PC3,uncertainty,108,0.19835678482959754,0.14495349584276584,0.2692284462702341,True
joy,PC3,hope,108,-0.3137400445928595,-0.23737415319068908,0.24340498676625877,True
joy,PC3,surprise_valence,108,-0.3160263490628144,-0.22487140840520764,0.28844095097744055,True
sadness,PC1,valence,108,0.36635651022252996,0.334714782125246,0.08636867972692588,True
sadness,PC1,arousal,108,-0.18131725989282305,-0.09336703118087357,0.48506263972849034,True
sadness,PC1,dominance,108,0.27797142845670614,0.2509149743998252,0.09733537798146394,True
sadness,PC1,emotional_intensity,108,-0.1741710256999264,,,False
sadness,PC1,threat,108,-0.12985433320730325,-0.057082362625410395,0.5604123388452318,True
sadness,PC1,social_warmth,108,0.22322795573230483,0.2408395267996541,-0.07889500671891235,True
sadness,PC1,certainty,108,0.16125587326245205,0.08212105795755865,0.4907406701156088,True
sadness,PC1,agency,108,0.23234111646707592,0.18907664899592963,0.18621098206385314,True
sadness,PC1,blame,108,0.025455365325676254,0.08354303152917412,-2.2819419584171574,True
sadness,PC1,injustice,108,-0.12197894945181124,-0.025398977616469615,0.7917757307255406,True
sadness,PC1,relief,108,0.09096628037525313,0.01246603923683556,0.8629597782231967,True
sadness,PC1,gratitude,108,0.16060361477628368,0.10146353973294556,0.3682362637087502,True
sadness,PC1,loneliness,108,0.06219266151842972,0.092928827977088,-0.4942088939150827,True
sadness,PC1,disappointment,108,-0.22403145333339192,-0.2092731676299867,0.06587595395117442,True
sadness,PC1,uncertainty,108,-0.04072247354250622,0.013861101548736774,0.6596203436839729,False
sadness,PC1,hope,108,0.2882876313573067,0.27976099710837604,0.02957682994856839,True
sadness,PC1,surprise_valence,108,0.4102178974462825,0.38753795133985947,0.05528755875258454,True
sadness,PC2,valence,108,0.24426659331987916,0.11564236391192365,0.526573149687791,True
sadness,PC2,arousal,108,-0.12495224197590035,0.07127051597934428,0.4296179496075766,False
sadness,PC2,dominance,108,0.1678272190489852,0.07333768960782971,0.5630167143124502,True
sadness,PC2,emotional_intensity,108,-0.21203705520037916,,,False
sadness,PC2,threat,108,-0.11855226900118794,-0.024137568744591525,0.7963972436128602,True
sadness,PC2,social_warmth,108,-0.041459564289490304,-0.059192257918455914,-0.42771056408474406,True
sadness,PC2,certainty,108,0.23227081207835465,0.1491419617995651,0.35789623988892205,True
sadness,PC2,agency,108,0.15597278078690663,0.06532930306951452,0.5811493342625671,True
sadness,PC2,blame,108,-0.13057970221042542,-0.08186593840584812,0.37305770330274207,True
sadness,PC2,injustice,108,-0.2304580756385938,-0.1377633514775245,0.40221946618366244,True
sadness,PC2,relief,108,0.3009113893821846,0.23042918086483397,0.2342291152955725,True
sadness,PC2,gratitude,108,0.18662894846213382,0.117813216515343,0.36873021315207816,True
sadness,PC2,loneliness,108,-0.08708416714627804,-0.06911403529881865,0.2063536052113168,True
sadness,PC2,disappointment,108,-0.24601663492138082,-0.2221212603714915,0.09712910087370935,True
sadness,PC2,uncertainty,108,-0.10239314780388649,-0.04378757152975776,0.5723583807226625,True
sadness,PC2,hope,108,0.06653427690302455,0.034175751685086166,0.48634368214599794,True
sadness,PC2,surprise_valence,108,0.17317715078141224,0.036468916014144676,0.7894126572149435,True
sadness,PC3,valence,108,-0.2911167311917215,-0.12080403770252905,0.5850323091771361,True
sadness,PC3,arousal,108,0.23538755616017662,-0.031272768920674675,0.8671434912243442,False
sadness,PC3,dominance,108,-0.19869132434254094,-0.008766069569150289,0.9558809646160609,True
sadness,PC3,emotional_intensity,108,0.30275713982075114,,,False
sadness,PC3,threat,108,0.12632091511785365,-0.0019630860272610057,0.9844595328855122,False
sadness,PC3,social_warmth,108,-0.10670889590449557,-0.021408826085537198,0.7993716840187525,True
sadness,PC3,certainty,108,-0.1276633053212168,0.043859685565769774,0.6564425035415359,False
sadness,PC3,agency,108,-0.15814140686622638,0.026532340647517107,0.8322239496075742,False
sadness,PC3,blame,108,0.2143708173181824,0.12493315921214218,0.4172100439085947,True
sadness,PC3,injustice,108,0.3693676809236157,0.2572810056955706,0.3034555566631298,True
sadness,PC3,relief,108,-0.07293015464825596,-0.01494350007842314,0.7950984726345909,True
sadness,PC3,gratitude,108,-0.09450699147363645,-0.046400291261635106,0.5090279508624621,True
sadness,PC3,loneliness,108,-0.01813792171837796,-0.11803867993201612,-5.5078393084261315,True
sadness,PC3,disappointment,108,0.1875161397004863,-0.012938585235806741,0.9310001514724379,False
sadness,PC3,uncertainty,108,-0.08245117099521974,-0.21168594464353876,-1.5674098025340557,True
sadness,PC3,hope,108,-0.09021242297548877,-0.030681958283323887,0.65989209388977,True
sadness,PC3,surprise_valence,108,-0.18419991455616905,0.00044422218056627886,0.9975883692365621,False
surprise,PC1,valence,108,0.33484687194358875,0.30713048360451844,0.08277332315572491,True
surprise,PC1,arousal,108,0.2907389155132005,0.1801783090226903,0.3802745370201066,True
surprise,PC1,dominance,108,0.2948206563320547,0.274752585963389,0.0680687392068728,True
surprise,PC1,emotional_intensity,108,0.18056221679727386,,,False
surprise,PC1,threat,108,-0.28707815505020745,-0.3400867996845461,-0.18464882716369654,True
surprise,PC1,social_warmth,108,0.27110385739333653,0.2650559623234639,0.022308406556893513,True
surprise,PC1,certainty,108,0.23634800327077707,0.22536348725531047,0.04647602629789073,True
surprise,PC1,agency,108,0.29610924783699527,0.28648075864901007,0.03251667841622283,True
surprise,PC1,blame,108,-0.1406178494796948,-0.2043099419155987,-0.4529445776021559,True
surprise,PC1,injustice,108,-0.07622379794436424,-0.17421305384921726,-1.2855467524246875,True
surprise,PC1,relief,108,0.1633400193194569,0.13045464503146112,0.20133078485609382,True
surprise,PC1,gratitude,108,0.2813379665417834,0.21642627632766404,0.23072495693352815,True
surprise,PC1,loneliness,108,-0.3072193041239492,-0.31550882606376496,-0.026982425350691168,True
surprise,PC1,disappointment,108,-0.22934186337435503,-0.2350006941584975,-0.024674216477022164,True
surprise,PC1,uncertainty,108,-0.18090426869331652,-0.17614563428868557,0.02630471043609353,True
surprise,PC1,hope,108,0.3389951666224254,0.29576533967718444,0.12752343160511953,True
surprise,PC1,surprise_valence,108,0.33474533247906724,0.2993829554559841,0.10563964181724468,True
surprise,PC2,valence,108,-0.2690669948548524,-0.30885047867610715,-0.147857167850393,True
surprise,PC2,arousal,108,-0.46637588570657595,-0.14721239043503473,0.6843481943497083,True
surprise,PC2,dominance,108,-0.22762045612914136,-0.28870073114487144,-0.26834264395409146,True
surprise,PC2,emotional_intensity,108,-0.4733153563896793,,,False
surprise,PC2,threat,108,0.12017439088484566,0.2935894896452673,-1.4430287308599108,True
surprise,PC2,social_warmth,108,-0.18174815689944182,-0.2355806061269884,-0.2961925454756119,True
surprise,PC2,certainty,108,-0.29069336522249306,-0.32568464079933523,-0.12037177233150914,True
surprise,PC2,agency,108,-0.14931435753514477,-0.19810098526750017,-0.32673768643361895,True
surprise,PC2,blame,108,-0.09961111185571138,0.006889154152485081,0.9308395014959361,False
surprise,PC2,injustice,108,0.04667056204204667,0.2670594077942743,-4.7222239482283035,True
surprise,PC2,relief,108,-0.15428101966642038,-0.11152535002899186,0.27712851347413275,True
surprise,PC2,gratitude,108,-0.3378725993714281,-0.24753147461165909,0.2673822172257767,True
surprise,PC2,loneliness,108,0.09509329995782764,0.14645702058490304,-0.5401402690815692,True
surprise,PC2,disappointment,108,0.2521383704587835,0.3507726104753488,-0.3911909156749659,True
surprise,PC2,uncertainty,108,0.28628138626011346,0.3560672229622854,-0.2437665878799572,True
surprise,PC2,hope,108,-0.2078747156121943,-0.1850602616578785,0.1097509809556534,True
surprise,PC2,surprise_valence,108,-0.307926303057537,-0.33363883593726573,-0.08350222967124792,True
surprise,PC3,valence,108,-0.22822694336523885,-0.1812120420663309,0.20600066147171986,True
surprise,PC3,arousal,108,0.03285629362947312,-0.028525846006485337,0.13179963850527673,False
surprise,PC3,dominance,108,-0.21054189868965223,-0.15666844686538037,0.2558799562441661,True
surprise,PC3,emotional_intensity,108,0.12211979752831498,,,False
surprise,PC3,threat,108,0.17450540272439558,0.11963790673340555,0.3144171763990872,True
surprise,PC3,social_warmth,108,-0.14542740117006042,-0.10742870876826188,0.26128977136408765,True
surprise,PC3,certainty,108,-0.0764021912183032,-0.05564011437924068,0.27174713850469623,True
surprise,PC3,agency,108,-0.13987833006444148,-0.09449886640736295,0.32442097096935857,True
surprise,PC3,blame,108,0.17476836504871288,0.1692789729044138,0.03140952965240039,True
surprise,PC3,injustice,108,0.21307624602458106,0.205981260348117,0.033297872516702555,True
surprise,PC3,relief,108,0.01495545850648361,0.023804138884255418,-0.5916689464208441,True
surprise,PC3,gratitude,108,-0.10482146272330535,-0.10375906408360552,0.010135315918117024,True
surprise,PC3,loneliness,108,0.05634796631234855,0.02272503717587855,0.5967017327669126,True
surprise,PC3,disappointment,108,0.2446878047287508,0.20756136509958129,0.15172983251178415,True
surprise,PC3,uncertainty,108,-0.02830608743150662,-0.06588394273124362,-1.327553848290254,True
surprise,PC3,hope,108,-0.2581579698270831,-0.22816583057519987,0.11617746789677763,True
surprise,PC3,surprise_valence,108,-0.28272974282679436,-0.2438113638317431,0.13765222790477127,True
trust,PC1,valence,108,-0.5805477487965268,-0.5336113301572459,0.08084850683958364,True
trust,PC1,arousal,108,-0.06251394949253865,0.16655009321661357,-1.664206862125903,False
trust,PC1,dominance,108,-0.5078644930841131,-0.4637990000661313,0.08676624103091927,True
trust,PC1,emotional_intensity,108,-0.3242806071633827,,,False
trust,PC1,threat,108,0.5645490585875338,0.5468496547555253,0.031351400844226565,True
trust,PC1,social_warmth,108,-0.4719306448098872,-0.40970843445777994,0.1318460901753327,True
trust,PC1,certainty,108,-0.5742686139374844,-0.5430986073888621,0.05427774701964741,True
trust,PC1,agency,108,-0.4823713064020658,-0.4369763631639937,0.09410788460173163,True
trust,PC1,blame,108,0.3738382290789266,0.35285690213277066,0.056124080722964986,True
trust,PC1,injustice,108,0.4125776628987245,0.40009933245461304,0.03024480374540904,True
trust,PC1,relief,108,-0.36318265557051016,-0.3081322948536214,0.15157761493431499,True
trust,PC1,gratitude,108,-0.5703060217018086,-0.5137341335687317,0.09919567036003733,True
trust,PC1,loneliness,108,0.2513958489285533,0.2557094602409516,-0.01715864176271342,True
trust,PC1,disappointment,108,0.3824652576610016,0.36120809521559866,0.055579329153719464,True
trust,PC1,uncertainty,108,0.5741970946221194,0.5435821614871015,0.053317812684450655,True
trust,PC1,hope,108,-0.461976297020343,-0.3993037857104393,0.13566174653143284,True
trust,PC1,surprise_valence,108,-0.37401349031198095,-0.2922927747268016,0.2184967058728618,True
trust,PC2,valence,108,-0.24162838806448492,-0.2913308081931516,-0.20569776807600224,True
trust,PC2,arousal,108,-0.04760434493748267,-0.14991737657111862,-2.1492372548766405,True
trust,PC2,dominance,108,-0.273253600060459,-0.27964736414878905,-0.02339864538624697,True
trust,PC2,emotional_intensity,108,0.13904713333712432,,,False
trust,PC2,threat,108,0.03151814541612414,0.045144460381224924,-0.43233238457392853,True
trust,PC2,social_warmth,108,-0.09981715885500288,-0.11875205271958748,-0.1896957805830754,True
trust,PC2,certainty,108,-0.30582705042523406,-0.3204040831601844,-0.04766430148896863,True
trust,PC2,agency,108,-0.30315669952830554,-0.308852100447984,-0.018786986824108388,True
trust,PC2,blame,108,0.3662954494879495,0.34940414190739366,0.046113888676936846,True
trust,PC2,injustice,108,0.35485318202837957,0.34085180979344815,0.03945680338808869,True
trust,PC2,relief,108,-0.11613532410322774,-0.11609951361598045,0.0003083513782203327,True
trust,PC2,gratitude,108,0.025876076192737716,-0.00125560105484718,0.9514763735624038,False
trust,PC2,loneliness,108,0.22212493365120778,0.26199701429466776,-0.17950294902988792,True
trust,PC2,disappointment,108,0.22940531641347406,0.21271861027236852,0.07273896874748038,True
trust,PC2,uncertainty,108,0.11996576683079367,0.11546978844492628,0.03747717790366619,True
trust,PC2,hope,108,-0.3545264901720337,-0.4091696732978721,-0.15413004286174178,True
trust,PC2,surprise_valence,108,-0.09068940974975984,-0.12728917105284349,-0.40357260460812044,True
trust,PC3,valence,108,-0.3674149505652274,-0.2798731374951834,0.23826415592335198,True
trust,PC3,arousal,108,0.008154866173667442,0.20538696322612857,-24.185816523799684,True
trust,PC3,dominance,108,-0.3493799269124579,-0.26363374474831697,0.2454238940453664,True
trust,PC3,emotional_intensity,108,-0.2492259360935282,,,False
trust,PC3,threat,108,0.18721461817155743,0.14728788592730122,0.21326717237255827,True
trust,PC3,social_warmth,108,-0.3869957188151743,-0.320064778555944,0.1729500793035799,True
trust,PC3,certainty,108,-0.3253778373443294,-0.2436677442033451,0.25112372068081273,True
trust,PC3,agency,108,-0.3544447420625555,-0.27215384038447304,0.23216849317392058,True
trust,PC3,blame,108,0.1697188159879922,0.11076966512082974,0.34733420996369185,True
trust,PC3,injustice,108,0.11812109686309091,0.06400414266870555,0.45814808388640343,True
trust,PC3,relief,108,-0.25164658780420157,-0.1857640026703463,0.26180599430625495,True
trust,PC3,gratitude,108,-0.43500132658172325,-0.37528984936782833,0.13726734509780164,True
trust,PC3,loneliness,108,-0.004934993438008064,-0.010972663851152373,-1.223440413647505,True
trust,PC3,disappointment,108,0.08424716282296321,0.028675331657768713,0.6596285180780866,True
trust,PC3,uncertainty,108,0.3291612748018031,0.2691770585829701,0.1822335153336344,True
trust,PC3,hope,108,-0.30406655619295564,-0.19882698929000794,0.3461070109800711,True
trust,PC3,surprise_valence,108,-0.34426218166207406,-0.2725474461788715,0.20831430027245157,True
