layer,e1,e2,cos_orig,cos_resid
8,joy,joy,0.0,0.0
8,joy,trust,0.0,0.0
8,joy,fear,0.0,0.0
8,joy,surprise,0.0,0.0
8,joy,sadness,0.0,0.0
8,joy,disgust,0.0,0.0
8,joy,anger,0.0,0.0
8,joy,anticipation,0.0,0.0
8,trust,joy,0.0,0.0
8,trust,trust,0.0,0.0
8,trust,fear,0.0,0.0
8,trust,surprise,0.0,0.0
8,trust,sadness,0.0,0.0
8,trust,disgust,0.0,0.0
8,trust,anger,0.0,0.0
8,trust,anticipation,0.0,0.0
8,fear,joy,0.0,0.0
8,fear,trust,0.0,0.0
8,fear,fear,0.0,0.0
8,fear,surprise,0.0,0.0
8,fear,sadness,0.0,0.0
8,fear,disgust,0.0,0.0
8,fear,anger,0.0,0.0
8,fear,anticipation,0.0,0.0
8,surprise,joy,0.0,0.0
8,surprise,trust,0.0,0.0
8,surprise,fear,0.0,0.0
8,surprise,surprise,0.0,0.0
8,surprise,sadness,0.0,0.0
8,surprise,disgust,0.0,0.0
8,surprise,anger,0.0,0.0
8,surprise,anticipation,0.0,0.0
8,sadness,joy,0.0,0.0
8,sadness,trust,0.0,0.0
8,sadness,fear,0.0,0.0
8,sadness,surprise,0.0,0.0
8,sadness,sadness,0.0,0.0
8,sadness,disgust,0.0,0.0
8,sadness,anger,0.0,0.0
8,sadness,anticipation,0.0,0.0
8,disgust,joy,0.0,0.0
8,disgust,trust,0.0,0.0
8,disgust,fear,0.0,0.0
8,disgust,surprise,0.0,0.0
8,disgust,sadness,0.0,0.0
8,disgust,disgust,0.0,0.0
8,disgust,anger,0.0,0.0
8,disgust,anticipation,0.0,0.0
8,anger,joy,0.0,0.0
8,anger,trust,0.0,0.0
8,anger,fear,0.0,0.0
8,anger,surprise,0.0,0.0
8,anger,sadness,0.0,0.0
8,anger,disgust,0.0,0.0
8,anger,anger,0.0,0.0
8,anger,anticipation,0.0,0.0
8,anticipation,joy,0.0,0.0
8,anticipation,trust,0.0,0.0
8,anticipation,fear,0.0,0.0
8,anticipation,surprise,0.0,0.0
8,anticipation,sadness,0.0,0.0
8,anticipation,disgust,0.0,0.0
8,anticipation,anger,0.0,0.0
8,anticipation,anticipation,0.0,0.0
10,joy,joy,1.000000238418579,1.0
10,joy,trust,0.9907236099243164,0.43249189853668213
10,joy,fear,0.9772495031356812,-0.6189266443252563
10,joy,surprise,0.9834874868392944,0.031310465186834335
10,joy,sadness,0.9844616055488586,-0.3492549657821655
10,joy,disgust,0.9803058505058289,-0.5293759703636169
10,joy,anger,0.9785306453704834,-0.5332149267196655
10,joy,anticipation,0.9894262552261353,0.23989760875701904
10,trust,joy,0.9907236099243164,0.43249189853668213
10,trust,trust,1.0,1.0000001192092896
10,trust,fear,0.9819568395614624,-0.2315436750650406
10,trust,surprise,0.9776431322097778,-0.26789698004722595
10,trust,sadness,0.9818481206893921,-0.5142397880554199
10,trust,disgust,0.9804376363754272,-0.4553459882736206
10,trust,anger,0.9775651693344116,-0.5399991273880005
10,trust,anticipation,0.9892669916152954,0.2618251442909241
10,fear,joy,0.9772495031356812,-0.6189266443252563
10,fear,trust,0.9819568395614624,-0.2315436750650406
10,fear,fear,1.0000001192092896,1.0
10,fear,surprise,0.979973316192627,-0.3068775534629822
10,fear,sadness,0.9920473694801331,0.21446675062179565
10,fear,disgust,0.9887174367904663,0.0035640564747154713
10,fear,anger,0.9878791570663452,0.021107293665409088
10,fear,anticipation,0.9896146059036255,0.14962099492549896
10,surprise,joy,0.9834874868392944,0.031310465186834335
10,surprise,trust,0.9776431322097778,-0.26789698004722595
10,surprise,fear,0.979973316192627,-0.3068775534629822
10,surprise,surprise,1.0,1.0
10,surprise,sadness,0.9843668937683105,-0.22142963111400604
10,surprise,disgust,0.9835305213928223,-0.15962743759155273
10,surprise,anger,0.9835796356201172,-0.07175412774085999
10,surprise,anticipation,0.9811950922012329,-0.24494872987270355
10,sadness,joy,0.9844616055488586,-0.3492549657821655
10,sadness,trust,0.9818481206893921,-0.5142397880554199
10,sadness,fear,0.9920473694801331,0.21446675062179565
10,sadness,surprise,0.9843668937683105,-0.22142963111400604
10,sadness,sadness,1.0000001192092896,0.9999998211860657
10,sadness,disgust,0.9940917491912842,0.3420150578022003
10,sadness,anger,0.9919320940971375,0.1982044279575348
10,sadness,anticipation,0.9877963066101074,-0.24858535826206207
10,disgust,joy,0.9803058505058289,-0.5293759703636169
10,disgust,trust,0.9804376363754272,-0.4553459882736206
10,disgust,fear,0.9887174367904663,0.0035640564747154713
10,disgust,surprise,0.9835305213928223,-0.15962743759155273
10,disgust,sadness,0.9940917491912842,0.3420150578022003
10,disgust,disgust,0.9999998807907104,0.9999999403953552
10,disgust,anger,0.9978461265563965,0.8125596046447754
10,disgust,anticipation,0.9813907146453857,-0.6784870028495789
10,anger,joy,0.9785306453704834,-0.5332149267196655
10,anger,trust,0.9775651693344116,-0.5399991273880005
10,anger,fear,0.9878791570663452,0.021107293665409088
10,anger,surprise,0.9835796356201172,-0.07175412774085999
10,anger,sadness,0.9919320940971375,0.1982044279575348
10,anger,disgust,0.9978461265563965,0.8125596046447754
10,anger,anger,1.0000003576278687,1.0
10,anger,anticipation,0.9805147647857666,-0.6023014783859253
10,anticipation,joy,0.9894262552261353,0.23989760875701904
10,anticipation,trust,0.9892669916152954,0.2618251442909241
10,anticipation,fear,0.9896146059036255,0.14962099492549896
10,anticipation,surprise,0.9811950922012329,-0.24494872987270355
10,anticipation,sadness,0.9877963066101074,-0.24858535826206207
10,anticipation,disgust,0.9813907146453857,-0.6784870028495789
10,anticipation,anger,0.9805147647857666,-0.6023014783859253
10,anticipation,anticipation,0.9999998807907104,1.0
13,joy,joy,1.0,0.9999998211860657
13,joy,trust,0.99214768409729,0.5053238868713379
13,joy,fear,0.9793322086334229,-0.5989362001419067
13,joy,surprise,0.9827455878257751,-0.02715185284614563
13,joy,sadness,0.9843307733535767,-0.4392714202404022
13,joy,disgust,0.9808088541030884,-0.5821159482002258
13,joy,anger,0.9787523150444031,-0.5701667666435242
13,joy,anticipation,0.9904653429985046,0.29529568552970886
13,trust,joy,0.99214768409729,0.5053238868713379
13,trust,trust,1.0000001192092896,0.9999998807907104
13,trust,fear,0.9826768040657043,-0.2825666666030884
13,trust,surprise,0.9775123596191406,-0.2950986623764038
13,trust,sadness,0.9825056791305542,-0.5408470034599304
13,trust,disgust,0.980833113193512,-0.5131629705429077
13,trust,anger,0.9777401685714722,-0.5816211700439453
13,trust,anticipation,0.9905984401702881,0.3357541859149933
13,fear,joy,0.9793322086334229,-0.5989362001419067
13,fear,trust,0.9826768040657043,-0.2825666666030884
13,fear,fear,1.0000001192092896,0.9999999403953552
13,fear,surprise,0.9812406897544861,-0.3032250702381134
13,fear,sadness,0.9933829307556152,0.2571215331554413
13,fear,disgust,0.9906909465789795,0.06691078096628189
13,fear,anger,0.9894335269927979,0.06325002014636993
13,fear,anticipation,0.9901678562164307,0.12097255885601044
13,surprise,joy,0.9827455878257751,-0.02715185284614563
13,surprise,trust,0.9775123596191406,-0.2950986623764038
13,surprise,fear,0.9812406897544861,-0.3032250702381134
13,surprise,surprise,1.0,1.0000001192092896
13,surprise,sadness,0.9857924580574036,-0.13794885575771332
13,surprise,disgust,0.984979510307312,-0.09513131529092789
13,surprise,anger,0.9841176271438599,-0.0543149895966053
13,surprise,anticipation,0.9801192283630371,-0.33491572737693787
13,sadness,joy,0.9843307733535767,-0.4392714202404022
13,sadness,trust,0.9825056791305542,-0.5408470034599304
13,sadness,fear,0.9933829307556152,0.2571215331554413
13,sadness,surprise,0.9857924580574036,-0.13794885575771332
13,sadness,sadness,1.0,0.9999998807907104
13,sadness,disgust,0.9951280951499939,0.40274176001548767
13,sadness,anger,0.9928661584854126,0.25046342611312866
13,sadness,anticipation,0.9878735542297363,-0.3121854066848755
13,disgust,joy,0.9808088541030884,-0.5821159482002258
13,disgust,trust,0.980833113193512,-0.5131629705429077
13,disgust,fear,0.9906909465789795,0.06691078096628189
13,disgust,surprise,0.984979510307312,-0.09513131529092789
13,disgust,sadness,0.9951280951499939,0.40274176001548767
13,disgust,disgust,0.9999998807907104,1.0
13,disgust,anger,0.9979516267776489,0.8120726943016052
13,disgust,anticipation,0.9823961853981018,-0.6891515254974365
13,anger,joy,0.9787523150444031,-0.5701667666435242
13,anger,trust,0.9777401685714722,-0.5816211700439453
13,anger,fear,0.9894335269927979,0.06325002014636993
13,anger,surprise,0.9841176271438599,-0.0543149895966053
13,anger,sadness,0.9928661584854126,0.25046342611312866
13,anger,disgust,0.9979516267776489,0.8120726943016052
13,anger,anger,1.0,1.0
13,anger,anticipation,0.9815027117729187,-0.5736728310585022
13,anticipation,joy,0.9904653429985046,0.29529568552970886
13,anticipation,trust,0.9905984401702881,0.3357541859149933
13,anticipation,fear,0.9901678562164307,0.12097255885601044
13,anticipation,surprise,0.9801192283630371,-0.33491572737693787
13,anticipation,sadness,0.9878735542297363,-0.3121854066848755
13,anticipation,disgust,0.9823961853981018,-0.6891515254974365
13,anticipation,anger,0.9815027117729187,-0.5736728310585022
13,anticipation,anticipation,1.0000001192092896,0.9999999403953552
16,joy,joy,0.9999998807907104,0.9999998807907104
16,joy,trust,0.9929298758506775,0.5506204962730408
16,joy,fear,0.9815852642059326,-0.6139286160469055
16,joy,surprise,0.9846178889274597,-0.009020350873470306
16,joy,sadness,0.9848057627677917,-0.49651646614074707
16,joy,disgust,0.980879545211792,-0.6773456931114197
16,joy,anger,0.9790645837783813,-0.6203606128692627
16,joy,anticipation,0.9917958974838257,0.34435465931892395
16,trust,joy,0.9929298758506775,0.5506204962730408
16,trust,trust,0.9999998807907104,0.9999998807907104
16,trust,fear,0.9831694960594177,-0.3383401036262512
16,trust,surprise,0.9774793982505798,-0.3703250288963318
16,trust,sadness,0.9830630421638489,-0.5128030180931091
16,trust,disgust,0.980915904045105,-0.5254684090614319
16,trust,anger,0.9775295257568359,-0.5994360446929932
16,trust,anticipation,0.9910403490066528,0.35232260823249817
16,fear,joy,0.9815852642059326,-0.6139286160469055
16,fear,trust,0.9831694960594177,-0.3383401036262512
16,fear,fear,1.0000001192092896,1.0000001192092896
16,fear,surprise,0.9845508933067322,-0.26658862829208374
16,fear,sadness,0.9947987198829651,0.3090025782585144
16,fear,disgust,0.993022620677948,0.1902356594800949
16,fear,anger,0.9910737872123718,0.11044315993785858
16,fear,anticipation,0.9909427762031555,0.04540908336639404
16,surprise,joy,0.9846178889274597,-0.009020350873470306
16,surprise,trust,0.9774793982505798,-0.3703250288963318
16,surprise,fear,0.9845508933067322,-0.26658862829208374
16,surprise,surprise,1.0,1.0
16,surprise,sadness,0.9873074293136597,-0.1486389935016632
16,surprise,disgust,0.9866746664047241,-0.08587950468063354
16,surprise,anger,0.9864035248756409,0.008925003930926323
16,surprise,anticipation,0.9825520515441895,-0.3313072621822357
16,sadness,joy,0.9848057627677917,-0.49651646614074707
16,sadness,trust,0.9830630421638489,-0.5128030180931091
16,sadness,fear,0.9947987198829651,0.3090025782585144
16,sadness,surprise,0.9873074293136597,-0.1486389935016632
16,sadness,sadness,1.0000001192092896,1.0
16,sadness,disgust,0.9959006309509277,0.45773762464523315
16,sadness,anger,0.9931846261024475,0.2439243495464325
16,sadness,anticipation,0.9891051054000854,-0.3127209544181824
16,disgust,joy,0.980879545211792,-0.6773456931114197
16,disgust,trust,0.980915904045105,-0.5254684090614319
16,disgust,fear,0.993022620677948,0.1902356594800949
16,disgust,surprise,0.9866746664047241,-0.08587950468063354
16,disgust,sadness,0.9959006309509277,0.45773762464523315
16,disgust,disgust,1.0000001192092896,1.0
16,disgust,anger,0.9978303909301758,0.7913712859153748
16,disgust,anticipation,0.9839315414428711,-0.6971140503883362
16,anger,joy,0.9790645837783813,-0.6203606128692627
16,anger,trust,0.9775295257568359,-0.5994360446929932
16,anger,fear,0.9910737872123718,0.11044315993785858
16,anger,surprise,0.9864035248756409,0.008925003930926323
16,anger,sadness,0.9931846261024475,0.2439243495464325
16,anger,disgust,0.9978303909301758,0.7913712859153748
16,anger,anger,1.0,1.0
16,anger,anticipation,0.9828416705131531,-0.57646644115448
16,anticipation,joy,0.9917958974838257,0.34435465931892395
16,anticipation,trust,0.9910403490066528,0.35232260823249817
16,anticipation,fear,0.9909427762031555,0.04540908336639404
16,anticipation,surprise,0.9825520515441895,-0.3313072621822357
16,anticipation,sadness,0.9891051054000854,-0.3127209544181824
16,anticipation,disgust,0.9839315414428711,-0.6971140503883362
16,anticipation,anger,0.9828416705131531,-0.57646644115448
16,anticipation,anticipation,1.0,0.9999999403953552
19,joy,joy,1.0,1.0000001192092896
19,joy,trust,0.9946881532669067,0.5850933194160461
19,joy,fear,0.9866008162498474,-0.554759681224823
19,joy,surprise,0.9870426058769226,-0.07766794413328171
19,joy,sadness,0.9885618686676025,-0.4690907597541809
19,joy,disgust,0.9853261709213257,-0.6717187166213989
19,joy,anger,0.9826564192771912,-0.6211349368095398
19,joy,anticipation,0.9934179782867432,0.3190983235836029
19,trust,joy,0.9946881532669067,0.5850933194160461
19,trust,trust,1.000000238418579,1.0
19,trust,fear,0.9866349101066589,-0.3205913007259369
19,trust,surprise,0.9807834625244141,-0.41369497776031494
19,trust,sadness,0.9864722490310669,-0.4754844903945923
19,trust,disgust,0.9844878315925598,-0.5172694325447083
19,trust,anger,0.9804203510284424,-0.602982223033905
19,trust,anticipation,0.992213249206543,0.31609076261520386
19,fear,joy,0.9866008162498474,-0.554759681224823
19,fear,trust,0.9866349101066589,-0.3205913007259369
19,fear,fear,0.9999999403953552,1.0
19,fear,surprise,0.9880686402320862,-0.24840906262397766
19,fear,sadness,0.9960558414459229,0.301609069108963
19,fear,disgust,0.9943144917488098,0.12932607531547546
19,fear,anger,0.9920932054519653,0.05404991656541824
19,fear,anticipation,0.9933838844299316,0.0885489359498024
19,surprise,joy,0.9870426058769226,-0.07766794413328171
19,surprise,trust,0.9807834625244141,-0.41369497776031494
19,surprise,fear,0.9880686402320862,-0.24840906262397766
19,surprise,surprise,0.9999998807907104,1.0
19,surprise,sadness,0.9900749921798706,-0.1255010962486267
19,surprise,disgust,0.9898402690887451,-0.035608336329460144
19,surprise,anger,0.9889942407608032,0.05462903156876564
19,surprise,anticipation,0.9859944581985474,-0.3365761637687683
19,sadness,joy,0.9885618686676025,-0.4690907597541809
19,sadness,trust,0.9864722490310669,-0.4754844903945923
19,sadness,fear,0.9960558414459229,0.301609069108963
19,sadness,surprise,0.9900749921798706,-0.1255010962486267
19,sadness,sadness,1.0,1.0
19,sadness,disgust,0.996415376663208,0.3847222924232483
19,sadness,anger,0.9934854507446289,0.15280622243881226
19,sadness,anticipation,0.9920642375946045,-0.2270285189151764
19,disgust,joy,0.9853261709213257,-0.6717187166213989
19,disgust,trust,0.9844878315925598,-0.5172694325447083
19,disgust,fear,0.9943144917488098,0.12932607531547546
19,disgust,surprise,0.9898402690887451,-0.035608336329460144
19,disgust,sadness,0.996415376663208,0.3847222924232483
19,disgust,disgust,1.0,1.0
19,disgust,anger,0.9981162548065186,0.7968870997428894
19,disgust,anticipation,0.9874094724655151,-0.7027396559715271
19,anger,joy,0.9826564192771912,-0.6211349368095398
19,anger,trust,0.9804203510284424,-0.602982223033905
19,anger,fear,0.9920932054519653,0.05404991656541824
19,anger,surprise,0.9889942407608032,0.05462903156876564
19,anger,sadness,0.9934854507446289,0.15280622243881226
19,anger,disgust,0.9981162548065186,0.7968870997428894
19,anger,anger,1.0,0.9999998211860657
19,anger,anticipation,0.9856430292129517,-0.5606590509414673
19,anticipation,joy,0.9934179782867432,0.3190983235836029
19,anticipation,trust,0.992213249206543,0.31609076261520386
19,anticipation,fear,0.9933838844299316,0.0885489359498024
19,anticipation,surprise,0.9859944581985474,-0.3365761637687683
19,anticipation,sadness,0.9920642375946045,-0.2270285189151764
19,anticipation,disgust,0.9874094724655151,-0.7027396559715271
19,anticipation,anger,0.9856430292129517,-0.5606590509414673
19,anticipation,anticipation,0.9999998807907104,1.0000001192092896
22,joy,joy,1.000000238418579,0.9999999403953552
22,joy,trust,0.995863139629364,0.5772325992584229
22,joy,fear,0.990243673324585,-0.5646135210990906
22,joy,surprise,0.9901653528213501,-0.08318372815847397
22,joy,sadness,0.9917538166046143,-0.42925381660461426
22,joy,disgust,0.9891009330749512,-0.6579957008361816
22,joy,anger,0.9870508313179016,-0.6151651740074158
22,joy,anticipation,0.9950054287910461,0.2955068349838257
22,trust,joy,0.995863139629364,0.5772325992584229
22,trust,trust,1.000000238418579,1.0
22,trust,fear,0.9897900223731995,-0.33908170461654663
22,trust,surprise,0.9845231771469116,-0.46665212512016296
22,trust,sadness,0.9897966384887695,-0.44303926825523376
22,trust,disgust,0.9882497191429138,-0.4809003472328186
22,trust,anger,0.985251247882843,-0.5618512630462646
22,trust,anticipation,0.9939004778862,0.29898950457572937
22,fear,joy,0.990243673324585,-0.5646135210990906
22,fear,trust,0.9897900223731995,-0.33908170461654663
22,fear,fear,0.9999998807907104,1.0
22,fear,surprise,0.991395890712738,-0.19947700202465057
22,fear,sadness,0.9971732497215271,0.30878138542175293
22,fear,disgust,0.9957759976387024,0.12388594448566437
22,fear,anger,0.994073212146759,0.04527554661035538
22,fear,anticipation,0.9953050017356873,0.10335106402635574
22,surprise,joy,0.9901653528213501,-0.08318372815847397
22,surprise,trust,0.9845231771469116,-0.46665212512016296
22,surprise,fear,0.991395890712738,-0.19947700202465057
22,surprise,surprise,1.0000001192092896,0.9999999403953552
22,surprise,sadness,0.9924965500831604,-0.11041755974292755
22,surprise,disgust,0.9921813607215881,-0.03412991017103195
22,surprise,anger,0.9915099740028381,0.05145716667175293
22,surprise,anticipation,0.9894713163375854,-0.32969680428504944
22,sadness,joy,0.9917538166046143,-0.42925381660461426
22,sadness,trust,0.9897966384887695,-0.44303926825523376
22,sadness,fear,0.9971732497215271,0.30878138542175293
22,sadness,surprise,0.9924965500831604,-0.11041755974292755
22,sadness,sadness,1.0000001192092896,0.9999998807907104
22,sadness,disgust,0.996832549571991,0.28266412019729614
22,sadness,anger,0.9946025609970093,0.06909388303756714
22,sadness,anticipation,0.9945313334465027,-0.1431320458650589
22,disgust,joy,0.9891009330749512,-0.6579957008361816
22,disgust,trust,0.9882497191429138,-0.4809003472328186
22,disgust,fear,0.9957759976387024,0.12388594448566437
22,disgust,surprise,0.9921813607215881,-0.03412991017103195
22,disgust,sadness,0.996832549571991,0.28266412019729614
22,disgust,disgust,1.0000001192092896,0.9999998807907104
22,disgust,anger,0.998568594455719,0.7982037663459778
22,disgust,anticipation,0.9905628561973572,-0.7050013542175293
22,anger,joy,0.9870508313179016,-0.6151651740074158
22,anger,trust,0.985251247882843,-0.5618512630462646
22,anger,fear,0.994073212146759,0.04527554661035538
22,anger,surprise,0.9915099740028381,0.05145716667175293
22,anger,sadness,0.9946025609970093,0.06909388303756714
22,anger,disgust,0.998568594455719,0.7982037663459778
22,anger,anger,1.0000001192092896,1.0000001192092896
22,anger,anticipation,0.9892148971557617,-0.5647554397583008
22,anticipation,joy,0.9950054287910461,0.2955068349838257
22,anticipation,trust,0.9939004778862,0.29898950457572937
22,anticipation,fear,0.9953050017356873,0.10335106402635574
22,anticipation,surprise,0.9894713163375854,-0.32969680428504944
22,anticipation,sadness,0.9945313334465027,-0.1431320458650589
22,anticipation,disgust,0.9905628561973572,-0.7050013542175293
22,anticipation,anger,0.9892148971557617,-0.5647554397583008
22,anticipation,anticipation,1.0,0.9999998807907104
